BROOKLYN,BROOKLYN
BROOKLYN,BROOKLYN
BROOKLYN,BROOKLYN
BROOKLYN,BROOKLYN
BROOKLYN,BROOKLYN
BROOKLYN,BROOKLYN
BROOKLYN,BROOKLYN
BROOKLYN,BROOKLYN
BROOKLYN,BROOKLYN
BROOKLYN,BROOKLYN
BROOKLYN,BROOKLYN
BROOKLYN,BROOKLYN
BROOKLYN,BROOKLYN
BROOKLYN,BROOKLYN
BROOKLYN,BROOKLYN
BROOKLYN,BROOKLYN
BROOKLYN,BROOKLYN
BROOKLYN,BROOKLYN
BROOKLYN,BROOKLYN
BROOKLYN,BROOKLYN
BROOKLYN,BROOKLYN
BROOKLYN,BROOKLYN
BROOKLYN,BROOKLYN
BROOKLYN,BROOKLYN
BROOKLYN,BROOKLYN
BROOKLYN,BROOKLYN
BROOKLYN,BROOKLYN
BROOKLYN,BROOKLYN
BROOKLYN,BROOKLYN
BROOKLYN,BROOKLYN
BROOKLYN,BROOKLYN
BROOKLYN,BROOKLYN
BROOKLYN,BROOKLYN
BROOKLYN,BROOKLYN
BROOKLYN,BROOKLYN
BROOKLYN,BROOKLYN
BROOKLYN,BROOKLYN
BROOKLYN,BROOKLYN
BROOKLYN,BROOKLYN
BROOKLYN,BROOKLYN
BROOKLYN,BROOKLYN
BROOKLYN,BROOKLYN
MANHATTAN,MANHATTAN
MANHATTAN,MANHATTAN
MANHATTAN,MANHATTAN
MANHATTAN,MANHATTAN
MANHATTAN,MANHATTAN
MANHATTAN,MANHATTAN
MANHATTAN,MANHATTAN
MANHATTAN,MANHATTAN
MANHATTAN,MANHATTAN
MANHATTAN,MANHATTAN
MANHATTAN,MANHATTAN
MANHATTAN,MANHATTAN
MANHATTAN,MANHATTAN
MANHATTAN,MANHATTAN
MANHATTAN,MANHATTAN
MANHATTAN,MANHATTAN
MANHATTAN,MANHATTAN
MANHATTAN,MANHATTAN
MANHATTAN,MANHATTAN
MANHATTAN,MANHATTAN
MANHATTAN,MANHATTAN
MANHATTAN,MANHATTAN
MANHATTAN,MANHATTAN
MANHATTAN,MANHATTAN
MANHATTAN,MANHATTAN
MANHATTAN,MANHATTAN
MANHATTAN,MANHATTAN
MANHATTAN,MANHATTAN
MANHATTAN,MANHATTAN
MANHATTAN,MANHATTAN
MANHATTAN,MANHATTAN
MANHATTAN,MANHATTAN
MANHATTAN,MANHATTAN
MANHATTAN,MANHATTAN
MANHATTAN,MANHATTAN
MANHATTAN,MANHATTAN
MANHATTAN,MANHATTAN
MANHATTAN,MANHATTAN
MANHATTAN,MANHATTAN
MANHATTAN,MANHATTAN
MANHATTAN,MANHATTAN
MANHATTAN,MANHATTAN
MANHATTAN,MANHATTAN
MANHATTAN,MANHATTAN
MANHATTAN,MANHATTAN
MANHATTAN,MANHATTAN
MANHATTAN,MANHATTAN
MANHATTAN,MANHATTAN
MANHATTAN,MANHATTAN
MANHATTAN,MANHATTAN
MANHATTAN,MANHATTAN
MANHATTAN,MANHATTAN
MANHATTAN,MANHATTAN
MANHATTAN,MANHATTAN
QUEENS,QUEENS
QUEENS,QUEENS
QUEENS,QUEENS
QUEENS,QUEENS
QUEENS,QUEENS
QUEENS,QUEENS
QUEENS,QUEENS
QUEENS,QUEENS
QUEENS,QUEENS
QUEENS,QUEENS
QUEENS,QUEENS
QUEENS,QUEENS
QUEENS,QUEENS
QUEENS,QUEENS
QUEENS,QUEENS
QUEENS,QUEENS
QUEENS,QUEENS
QUEENS,QUEENS
QUEENS,QUEENS
QUEENS,QUEENS
QUEENS,QUEENS
QUEENS,QUEENS
QUEENS,QUEENS
QUEENS,QUEENS
QUEENS,QUEENS
QUEENS,QUEENS
QUEENS,QUEENS
QUEENS,QUEENS
QUEENS,QUEENS
QUEENS,QUEENS
QUEENS,QUEENS
QUEENS,QUEENS
QUEENS,QUEENS
QUEENS,QUEENS
QUEENS,QUEENS
QUEENS,QUEENS
QUEENS,QUEENS
QUEENS,QUEENS
QUEENS,QUEENS
QUEENS,QUEENS
QUEENS,QUEENS
QUEENS,QUEENS
QUEENS,QUEENS
QUEENS,QUEENS
QUEENS,QUEENS
QUEENS,QUEENS
QUEENS,QUEENS
QUEENS,QUEENS
QUEENS,QUEENS
QUEENS,QUEENS
QUEENS,QUEENS
QUEENS,QUEENS
QUEENS,QUEENS
QUEENS,QUEENS
QUEENS,QUEENS
QUEENS,QUEENS
QUEENS,QUEENS
QUEENS,QUEENS
QUEENS,QUEENS
QUEENS,QUEENS
QUEENS,QUEENS
QUEENS,QUEENS
QUEENS,QUEENS
QUEENS,QUEENS
QUEENS,QUEENS
QUEENS,QUEENS
QUEENS,QUEENS
QUEENS,QUEENS
QUEENS,QUEENS
QUEENS,QUEENS
QUEENS,QUEENS
QUEENS,QUEENS
QUEENS,QUEENS
QUEENS,QUEENS
QUEENS,QUEENS
QUEENS,QUEENS
QUEENS,QUEENS
QUEENS,QUEENS
QUEENS,QUEENS
QUEENS,QUEENS
QUEENS,QUEENS
QUEENS,QUEENS
QUEENS,QUEENS
QUEENS,QUEENS
QUEENS,QUEENS
QUEENS,QUEENS
QUEENS,QUEENS
QUEENS,QUEENS
QUEENS,QUEENS
QUEENS,QUEENS
STATEN ISLAND,STATEN ISLAND
STATEN ISLAND,STATEN IS
STATEN ISLAND,STATEN ISLAND
STATEN ISLAND,STATEN IS
STATEN ISLAND,STATEN ISLAND
STATEN ISLAND,STATEN ISLAND
STATEN ISLAND,STATEN IS
STATEN ISLAND,STATEN ISLAND
STATEN ISLAND,STATEN ISLAND
STATEN ISLAND,STATEN ISLAND
STATEN ISLAND,STATEN IS
STATEN ISLAND,STATEN ISLAND
STATEN ISLAND,STATEN IS
STATEN ISLAND,STATEN IS
STATEN ISLAND,STATEN ISLAND
STATEN ISLAND,STATEN ISLAND
STATEN ISLAND,STATEN ISLAND
STATEN ISLAND,STATEN ISLAND
STATEN ISLAND,STATEN ISLAND
STATEN ISLAND,STATEN ISLAND
STATEN ISLAND,STATEN ISLAND
STATEN ISLAND,STATEN IS
STATEN ISLAND,STATEN ISLAND
STATEN ISLAND,STATEN ISLAND
BRONX,BRONX
BRONX,BRONX
BRONX,BRONX
BRONX,BRONX
BRONX,BRONX
BRONX,BRONX
BRONX,BRONX
BRONX,BRONX
BRONX,BRONX
BRONX,BRONX
BRONX,BRONX
BRONX,BRONX
BRONX,BRONX
BRONX,BRONX
BRONX,BRONX
BRONX,BRONX
BRONX,BRONX
BRONX,BRONX
BRONX,BRONX
BRONX,BRONX
BRONX,BRONX
BRONX,BRONX
BRONX,BRONX
BRONX,BRONX
BRONX,BRONX
BRONX,BRONX
BRONX,BRONX
BRONX,BRONX
BRONX,BRONX
BRONX,BRONX
BRONX,BRONX
BRONX,BRONX
BRONX,BRONX
BRONX,BRONX
BRONX,BRONX
BRONX,BRONX
BRONX,BRONX
BRONX,BRONX
BRONX,BRONX
BRONX,BRONX
BRONX,BRONX
BRONX,BRONX
BRONX,BRONX
BRONX,BRONX
BRONX,BRONX
BRONX,BRONX
BROOKLYN,BROOKLYN
BROOKLYN,BROOKLYN
BROOKLYN,BROOKLYN
BROOKLYN,BROOKLYN
BROOKLYN,BROOKLYN
BROOKLYN,BROOKLYN
BROOKLYN,BROOKLYN
BROOKLYN,BROOKLYN
BROOKLYN,BROOKLYN
BROOKLYN,BROOKLYN
BROOKLYN,BROOKLYN
BROOKLYN,BROOKLYN
BROOKLYN,BROOKLYN
MANHATTAN,MANHATTAN
MANHATTAN,MANHATTAN
MANHATTAN,MANHATTAN
MANHATTAN,MANHATTAN
QUEENS,QUEENS
QUEENS,QUEENS
QUEENS,QUEENS
QUEENS,QUEENS
QUEENS,QUEENS
QUEENS,QUEENS
QUEENS,QUEENS
QUEENS,QUEENS
QUEENS,QUEENS
QUEENS,QUEENS
QUEENS,QUEENS
QUEENS,QUEENS
QUEENS,QUEENS
QUEENS,QUEENS
QUEENS,QUEENS
QUEENS,QUEENS
QUEENS,QUEENS
QUEENS,QUEENS
QUEENS,QUEENS
QUEENS,QUEENS
QUEENS,QUEENS
QUEENS,QUEENS
QUEENS,QUEENS
STATEN IS,STATEN IS
STATEN IS,STATEN IS
STATEN IS,STATEN IS
BRONX,BRONX
BRONX,BRONX
BRONX,BRONX
BRONX,BRONX
BROOKLYN,BROOKLYN
BROOKLYN,BROOKLYN
BROOKLYN,BROOKLYN
BROOKLYN,BROOKLYN
BROOKLYN,BROOKLYN
BROOKLYN,BROOKLYN
BROOKLYN,BROOKLYN
BROOKLYN,BROOKLYN
BROOKLYN,BROOKLYN
BROOKLYN,BROOKLYN
BROOKLYN,BROOKLYN
BROOKLYN,BROOKLYN
BROOKLYN,BROOKLYN
BROOKLYN,BROOKLYN
BROOKLYN,BROOKLYN
BROOKLYN,BROOKLYN
BROOKLYN,BROOKLYN
BROOKLYN,BROOKLYN
BROOKLYN,BROOKLYN
BROOKLYN,BROOKLYN
BROOKLYN,BROOKLYN
BROOKLYN,BROOKLYN
BROOKLYN,BROOKLYN
BROOKLYN,BROOKLYN
BROOKLYN,BROOKLYN
BROOKLYN,BROOKLYN
BROOKLYN,BROOKLYN
BROOKLYN,BROOKLYN
BROOKLYN,BROOKLYN
BROOKLYN,BROOKLYN
BROOKLYN,BROOKLYN
BROOKLYN,BROOKLYN
BROOKLYN,BROOKLYN
BROOKLYN,BROOKLYN
BROOKLYN,BROOKLYN
BROOKLYN,BROOKLYN
BROOKLYN,BROOKLYN
BROOKLYN,BROOKLYN
BROOKLYN,BROOKLYN
BROOKLYN,BROOKLYN
BROOKLYN,BROOKLYN
BROOKLYN,BROOKLYN
BROOKLYN,BROOKLYN
BROOKLYN,BROOKLYN
BROOKLYN,BROOKLYN
BROOKLYN,BROOKLYN
BROOKLYN,BROOKLYN
BROOKLYN,BROOKLYN
BROOKLYN,BROOKLYN
BROOKLYN,BROOKLYN
BROOKLYN,BROOKLYN
BROOKLYN,BROOKLYN
BROOKLYN,BROOKLYN
BROOKLYN,BROOKLYN
BROOKLYN,BROOKLYN
BROOKLYN,BROOKLYN
BROOKLYN,BROOKLYN
BROOKLYN,BROOKLYN
BROOKLYN,BROOKLYN
BROOKLYN,BROOKLYN
BROOKLYN,BROOKLYN
BROOKLYN,BROOKLYN
BROOKLYN,BROOKLYN
BROOKLYN,BROOKLYN
BROOKLYN,BROOKLYN
BROOKLYN,BROOKLYN
BROOKLYN,BROOKLYN
BROOKLYN,BROOKLYN
BROOKLYN,BROOKLYN
BROOKLYN,BROOKLYN
BROOKLYN,BROOKLYN
BROOKLYN,BROOKLYN
BROOKLYN,BROOKLYN
BROOKLYN,BROOKLYN
BROOKLYN,BROOKLYN
BROOKLYN,BROOKLYN
BROOKLYN,BROOKLYN
BROOKLYN,BROOKLYN
BROOKLYN,BROOKLYN
BROOKLYN,BROOKLYN
BROOKLYN,BROOKLYN
BROOKLYN,BROOKLYN
BROOKLYN,BROOKLYN
BROOKLYN,BROOKLYN
BROOKLYN,BROOKLYN
BROOKLYN,BROOKLYN
BROOKLYN,BROOKLYN
BROOKLYN,BROOKLYN
BROOKLYN,BROOKLYN
BROOKLYN,BROOKLYN
BROOKLYN,BROOKLYN
BROOKLYN,BROOKLYN
BROOKLYN,BROOKLYN
BROOKLYN,BROOKLYN
BROOKLYN,BROOKLYN
BROOKLYN,BROOKLYN
BROOKLYN,BROOKLYN
BROOKLYN,BROOKLYN
QUEENS,QUEENS
BROOKLYN,BROOKLYN
BROOKLYN,BROOKLYN
BROOKLYN,BROOKLYN
BROOKLYN,BROOKLYN
BROOKLYN,BROOKLYN
BROOKLYN,BROOKLYN
BROOKLYN,BROOKLYN
BROOKLYN,BROOKLYN
BROOKLYN,BROOKLYN
BROOKLYN,BROOKLYN
BROOKLYN,BROOKLYN
BROOKLYN,BROOKLYN
BROOKLYN,BROOKLYN
BROOKLYN,BROOKLYN
BROOKLYN,BROOKLYN
BROOKLYN,BROOKLYN
BROOKLYN,BROOKLYN
MANHATTAN,MANHATTAN
MANHATTAN,MANHATTAN
MANHATTAN,MANHATTAN
MANHATTAN,MANHATTAN
MANHATTAN,MANHATTAN
MANHATTAN,MANHATTAN
MANHATTAN,MANHATTAN
MANHATTAN,MANHATTAN
MANHATTAN,MANHATTAN
MANHATTAN,MANHATTAN
MANHATTAN,MANHATTAN
MANHATTAN,MANHATTAN
MANHATTAN,MANHATTAN
MANHATTAN,MANHATTAN
MANHATTAN,MANHATTAN
MANHATTAN,MANHATTAN
MANHATTAN,MANHATTAN
MANHATTAN,MANHATTAN
MANHATTAN,MANHATTAN
MANHATTAN,MANHATTAN
MANHATTAN,MANHATTAN
MANHATTAN,MANHATTAN
MANHATTAN,MANHATTAN
MANHATTAN,MANHATTAN
MANHATTAN,MANHATTAN
MANHATTAN,MANHATTAN
MANHATTAN,MANHATTAN
MANHATTAN,MANHATTAN
MANHATTAN,MANHATTAN
MANHATTAN,MANHATTAN
MANHATTAN,MANHATTAN
MANHATTAN,MANHATTAN
MANHATTAN,MANHATTAN
MANHATTAN,MANHATTAN
MANHATTAN,MANHATTAN
MANHATTAN,MANHATTAN
MANHATTAN,MANHATTAN
MANHATTAN,MANHATTAN
MANHATTAN,MANHATTAN
MANHATTAN,MANHATTAN
MANHATTAN,MANHATTAN
MANHATTAN,MANHATTAN
MANHATTAN,MANHATTAN
MANHATTAN,MANHATTAN
MANHATTAN,MANHATTAN
MANHATTAN,MANHATTAN
MANHATTAN,MANHATTAN
MANHATTAN,MANHATTAN
MANHATTAN,MANHATTAN
MANHATTAN,MANHATTAN
MANHATTAN,MANHATTAN
MANHATTAN,MANHATTAN
MANHATTAN,MANHATTAN
MANHATTAN,MANHATTAN
MANHATTAN,MANHATTAN
MANHATTAN,MANHATTAN
MANHATTAN,MANHATTAN
MANHATTAN,MANHATTAN
QUEENS,QUEENS
QUEENS,QUEENS
QUEENS,QUEENS
QUEENS,QUEENS
QUEENS,QUEENS
QUEENS,QUEENS
QUEENS,QUEENS
QUEENS,QUEENS
QUEENS,QUEENS
QUEENS,QUEENS
QUEENS,QUEENS
QUEENS,QUEENS
QUEENS,QUEENS
QUEENS,QUEENS
QUEENS,QUEENS
QUEENS,QUEENS
QUEENS,QUEENS
QUEENS,QUEENS
QUEENS,QUEENS
QUEENS,QUEENS
QUEENS,QUEENS
QUEENS,QUEENS
QUEENS,QUEENS
QUEENS,QUEENS
QUEENS,QUEENS
QUEENS,QUEENS
QUEENS,QUEENS
QUEENS,QUEENS
QUEENS,QUEENS
QUEENS,QUEENS
QUEENS,QUEENS
QUEENS,QUEENS
QUEENS,QUEENS
QUEENS,QUEENS
QUEENS,QUEENS
QUEENS,QUEENS
QUEENS,QUEENS
QUEENS,QUEENS
QUEENS,QUEENS
QUEENS,QUEENS
QUEENS,QUEENS
QUEENS,QUEENS
QUEENS,QUEENS
QUEENS,QUEENS
QUEENS,QUEENS
QUEENS,QUEENS
QUEENS,QUEENS
QUEENS,QUEENS
QUEENS,QUEENS
QUEENS,QUEENS
QUEENS,QUEENS
QUEENS,QUEENS
QUEENS,QUEENS
QUEENS,QUEENS
QUEENS,QUEENS
QUEENS,QUEENS
QUEENS,QUEENS
QUEENS,QUEENS
QUEENS,QUEENS
QUEENS,QUEENS
QUEENS,QUEENS
QUEENS,QUEENS
QUEENS,QUEENS
QUEENS,QUEENS
QUEENS,QUEENS
QUEENS,QUEENS
QUEENS,QUEENS
QUEENS,QUEENS
QUEENS,QUEENS
QUEENS,QUEENS
QUEENS,QUEENS
QUEENS,QUEENS
QUEENS,QUEENS
QUEENS,QUEENS
QUEENS,QUEENS
QUEENS,QUEENS
QUEENS,QUEENS
QUEENS,QUEENS
QUEENS,QUEENS
QUEENS,QUEENS
QUEENS,QUEENS
QUEENS,QUEENS
QUEENS,QUEENS
QUEENS,QUEENS
QUEENS,QUEENS
QUEENS,QUEENS
QUEENS,QUEENS
QUEENS,QUEENS
QUEENS,QUEENS
QUEENS,QUEENS
QUEENS,QUEENS
QUEENS,QUEENS
QUEENS,QUEENS
QUEENS,QUEENS
QUEENS,QUEENS
QUEENS,QUEENS
QUEENS,QUEENS
STATEN ISLAND,STATEN ISLAND
STATEN ISLAND,STATEN ISLAND
STATEN ISLAND,STATEN IS
STATEN ISLAND,STATEN ISLAND
STATEN ISLAND,STATEN ISLAND
STATEN ISLAND,STATEN IS
STATEN ISLAND,STATEN ISLAND
BROOKLYN,BROOKLYN
STATEN ISLAND,STATEN ISLAND
STATEN ISLAND,STATEN IS
STATEN ISLAND,STATEN ISLAND
STATEN ISLAND,STATEN ISLAND
STATEN ISLAND,STATEN IS
STATEN ISLAND,STATEN ISLAND
STATEN ISLAND,STATEN ISLAND
STATEN ISLAND,STATEN ISLAND
STATEN ISLAND,STATEN IS
STATEN ISLAND,STATEN IS
STATEN ISLAND,STATEN IS
STATEN ISLAND,STATEN IS
STATEN ISLAND,STATEN IS
STATEN ISLAND,STATEN ISLAND
STATEN ISLAND,STATEN IS
STATEN ISLAND,STATEN IS
STATEN ISLAND,STATEN ISLAND
STATEN ISLAND,STATEN IS
STATEN ISLAND,STATEN ISLAND
STATEN ISLAND,STATEN ISLAND
STATEN ISLAND,STATEN ISLAND
STATEN ISLAND,STATEN IS
BRONX,BRONX
BRONX,BRONX
BRONX,BRONX
BRONX,BRONX
BRONX,BRONX
BRONX,BRONX
BRONX,BRONX
BRONX,BRONX
BRONX,BRONX
BRONX,BRONX
BRONX,BRONX
BRONX,BRONX
BRONX,BRONX
BRONX,BRONX
BRONX,BRONX
BRONX,BRONX
BRONX,BRONX
BRONX,BRONX
BRONX,BRONX
BRONX,BRONX
BRONX,BRONX
BRONX,BRONX
BRONX,BRONX
BRONX,BRONX
BRONX,BRONX
BRONX,BRONX
BRONX,BRONX
BRONX,BRONX
BRONX,BRONX
BRONX,BRONX
BRONX,BRONX
BRONX,BRONX
BRONX,BRONX
BRONX,BRONX
BRONX,BRONX
BRONX,BRONX
BRONX,BRONX
BRONX,BRONX
BRONX,BRONX
BRONX,BRONX
BRONX,BRONX
BRONX,BRONX
BRONX,BRONX
BRONX,BRONX
BRONX,BRONX
BRONX,BRONX
BRONX,BRONX
BRONX,BRONX
BRONX,BRONX
BRONX,BRONX
BRONX,BRONX
BRONX,BRONX
BRONX,BRONX
BRONX,BRONX
BRONX,BRONX
BRONX,BRONX
BRONX,BRONX
BRONX,BRONX
BRONX,BRONX
BRONX,BRONX
BRONX,BRONX
BRONX,BRONX
BRONX,BRONX
BRONX,BRONX
BRONX,BRONX
BRONX,BRONX
BRONX,BRONX
BRONX,BRONX
BRONX,BRONX
BRONX,BRONX
BRONX,BRONX
BRONX,BRONX
BROOKLYN,BROOKLYN
BROOKLYN,BROOKLYN
BROOKLYN,BROOKLYN
BROOKLYN,BROOKLYN
BROOKLYN,BROOKLYN
BROOKLYN,BROOKLYN
BROOKLYN,BROOKLYN
BROOKLYN,BROOKLYN
BROOKLYN,BROOKLYN
BROOKLYN,BROOKLYN
BROOKLYN,BROOKLYN
MANHATTAN,MANHATTAN
MANHATTAN,MANHATTAN
MANHATTAN,MANHATTAN
MANHATTAN,MANHATTAN
QUEENS,QUEENS
QUEENS,QUEENS
QUEENS,QUEENS
QUEENS,QUEENS
QUEENS,QUEENS
QUEENS,QUEENS
QUEENS,QUEENS
QUEENS,QUEENS
QUEENS,QUEENS
QUEENS,QUEENS
QUEENS,QUEENS
QUEENS,QUEENS
QUEENS,QUEENS
QUEENS,QUEENS
QUEENS,QUEENS
QUEENS,QUEENS
QUEENS,QUEENS
QUEENS,QUEENS
QUEENS,QUEENS
QUEENS,QUEENS
QUEENS,QUEENS
QUEENS,QUEENS
QUEENS,QUEENS
STATEN ISLAND,STATEN ISLAND
STATEN ISLAND,STATEN IS
STATEN ISLAND,STATEN IS
BRONX,BRONX
BRONX,BRONX
BRONX,BRONX
BRONX,BRONX
BROOKLYN,BROOKLYN
BROOKLYN,BROOKLYN
BROOKLYN,BROOKLYN
BROOKLYN,BROOKLYN
BROOKLYN,BROOKLYN
BROOKLYN,BROOKLYN
BROOKLYN,BROOKLYN
BROOKLYN,BROOKLYN
BROOKLYN,BROOKLYN
BROOKLYN,BROOKLYN
BROOKLYN,BROOKLYN
BROOKLYN,BROOKLYN
BROOKLYN,BROOKLYN
BROOKLYN,BROOKLYN
BROOKLYN,BROOKLYN
BROOKLYN,BROOKLYN
BROOKLYN,BROOKLYN
BROOKLYN,BROOKLYN
BROOKLYN,BROOKLYN
BROOKLYN,BROOKLYN
BROOKLYN,BROOKLYN
BROOKLYN,BROOKLYN
BROOKLYN,BROOKLYN
BROOKLYN,BROOKLYN
BROOKLYN,BROOKLYN
BROOKLYN,BROOKLYN
BROOKLYN,BROOKLYN
BROOKLYN,BROOKLYN
BROOKLYN,BROOKLYN
BROOKLYN,BROOKLYN
BROOKLYN,BROOKLYN
BROOKLYN,BROOKLYN
BROOKLYN,BROOKLYN
BROOKLYN,BROOKLYN
BROOKLYN,BROOKLYN
BROOKLYN,BROOKLYN
BROOKLYN,BROOKLYN
BROOKLYN,BROOKLYN
BROOKLYN,BROOKLYN
BROOKLYN,BROOKLYN
BROOKLYN,BROOKLYN
BROOKLYN,BROOKLYN
BROOKLYN,BROOKLYN
BROOKLYN,BROOKLYN
BROOKLYN,BROOKLYN
BROOKLYN,BROOKLYN
BROOKLYN,BROOKLYN
BROOKLYN,BROOKLYN
BROOKLYN,BROOKLYN
BROOKLYN,BROOKLYN
BROOKLYN,BROOKLYN
BROOKLYN,BROOKLYN
BROOKLYN,BROOKLYN
BROOKLYN,BROOKLYN
BROOKLYN,BROOKLYN
BROOKLYN,BROOKLYN
BROOKLYN,BROOKLYN
BROOKLYN,BROOKLYN
BROOKLYN,BROOKLYN
BROOKLYN,BROOKLYN
BROOKLYN,BROOKLYN
BROOKLYN,BROOKLYN
BROOKLYN,BROOKLYN
BROOKLYN,BROOKLYN
BROOKLYN,BROOKLYN
BROOKLYN,BROOKLYN
BROOKLYN,BROOKLYN
BROOKLYN,BROOKLYN
BROOKLYN,BROOKLYN
BROOKLYN,BROOKLYN
BROOKLYN,BROOKLYN
BROOKLYN,BROOKLYN
BROOKLYN,BROOKLYN
BROOKLYN,BROOKLYN
BROOKLYN,BROOKLYN
BROOKLYN,BROOKLYN
BROOKLYN,BROOKLYN
BROOKLYN,BROOKLYN
BROOKLYN,BROOKLYN
BROOKLYN,BROOKLYN
BROOKLYN,BROOKLYN
BROOKLYN,BROOKLYN
BROOKLYN,BROOKLYN
BROOKLYN,BROOKLYN
BROOKLYN,BROOKLYN
BROOKLYN,BROOKLYN
BROOKLYN,BROOKLYN
BROOKLYN,BROOKLYN
BROOKLYN,BROOKLYN
BROOKLYN,BROOKLYN
BROOKLYN,BROOKLYN
BROOKLYN,BROOKLYN
BROOKLYN,BROOKLYN
BROOKLYN,BROOKLYN
BROOKLYN,BROOKLYN
BROOKLYN,BROOKLYN
BROOKLYN,BROOKLYN
BROOKLYN,BROOKLYN
BROOKLYN,BROOKLYN
BROOKLYN,BROOKLYN
BROOKLYN,BROOKLYN
BROOKLYN,BROOKLYN
MANHATTAN,MANHATTAN
BROOKLYN,BROOKLYN
BROOKLYN,BROOKLYN
BROOKLYN,BROOKLYN
BROOKLYN,BROOKLYN
BROOKLYN,BROOKLYN
BROOKLYN,BROOKLYN
BROOKLYN,BROOKLYN
BROOKLYN,BROOKLYN
BROOKLYN,BROOKLYN
BROOKLYN,BROOKLYN
BROOKLYN,BROOKLYN
BROOKLYN,BROOKLYN
MANHATTAN,MANHATTAN
MANHATTAN,MANHATTAN
MANHATTAN,MANHATTAN
MANHATTAN,MANHATTAN
MANHATTAN,MANHATTAN
MANHATTAN,MANHATTAN
MANHATTAN,MANHATTAN
MANHATTAN,MANHATTAN
MANHATTAN,MANHATTAN
MANHATTAN,MANHATTAN
MANHATTAN,MANHATTAN
MANHATTAN,MANHATTAN
MANHATTAN,MANHATTAN
MANHATTAN,MANHATTAN
MANHATTAN,MANHATTAN
MANHATTAN,MANHATTAN
MANHATTAN,MANHATTAN
MANHATTAN,MANHATTAN
MANHATTAN,MANHATTAN
MANHATTAN,MANHATTAN
MANHATTAN,MANHATTAN
MANHATTAN,MANHATTAN
MANHATTAN,MANHATTAN
MANHATTAN,MANHATTAN
MANHATTAN,MANHATTAN
MANHATTAN,MANHATTAN
MANHATTAN,MANHATTAN
MANHATTAN,MANHATTAN
MANHATTAN,MANHATTAN
MANHATTAN,MANHATTAN
MANHATTAN,MANHATTAN
MANHATTAN,MANHATTAN
MANHATTAN,MANHATTAN
MANHATTAN,MANHATTAN
MANHATTAN,MANHATTAN
MANHATTAN,MANHATTAN
MANHATTAN,MANHATTAN
MANHATTAN,MANHATTAN
MANHATTAN,MANHATTAN
MANHATTAN,MANHATTAN
MANHATTAN,MANHATTAN
MANHATTAN,MANHATTAN
MANHATTAN,MANHATTAN
MANHATTAN,MANHATTAN
MANHATTAN,MANHATTAN
MANHATTAN,MANHATTAN
MANHATTAN,MANHATTAN
MANHATTAN,MANHATTAN
MANHATTAN,MANHATTAN
MANHATTAN,MANHATTAN
MANHATTAN,MANHATTAN
MANHATTAN,MANHATTAN
MANHATTAN,MANHATTAN
MANHATTAN,MANHATTAN
QUEENS,QUEENS
QUEENS,QUEENS
QUEENS,QUEENS
QUEENS,QUEENS
QUEENS,QUEENS
QUEENS,QUEENS
QUEENS,QUEENS
QUEENS,QUEENS
QUEENS,QUEENS
QUEENS,QUEENS
QUEENS,QUEENS
QUEENS,QUEENS
BRONX,BRONX
QUEENS,QUEENS
QUEENS,QUEENS
QUEENS,QUEENS
QUEENS,QUEENS
QUEENS,QUEENS
QUEENS,QUEENS
QUEENS,QUEENS
QUEENS,QUEENS
QUEENS,QUEENS
QUEENS,QUEENS
QUEENS,QUEENS
QUEENS,QUEENS
QUEENS,QUEENS
QUEENS,QUEENS
QUEENS,QUEENS
QUEENS,QUEENS
QUEENS,QUEENS
QUEENS,QUEENS
QUEENS,QUEENS
QUEENS,QUEENS
QUEENS,QUEENS
QUEENS,QUEENS
QUEENS,QUEENS
QUEENS,QUEENS
QUEENS,QUEENS
QUEENS,QUEENS
QUEENS,QUEENS
QUEENS,QUEENS
QUEENS,QUEENS
QUEENS,QUEENS
QUEENS,QUEENS
QUEENS,QUEENS
QUEENS,QUEENS
QUEENS,QUEENS
QUEENS,QUEENS
QUEENS,QUEENS
QUEENS,QUEENS
QUEENS,QUEENS
QUEENS,QUEENS
QUEENS,QUEENS
QUEENS,QUEENS
QUEENS,QUEENS
QUEENS,QUEENS
QUEENS,QUEENS
QUEENS,QUEENS
QUEENS,QUEENS
QUEENS,QUEENS
QUEENS,QUEENS
QUEENS,QUEENS
QUEENS,QUEENS
QUEENS,QUEENS
QUEENS,QUEENS
QUEENS,QUEENS
QUEENS,QUEENS
QUEENS,QUEENS
QUEENS,QUEENS
QUEENS,QUEENS
QUEENS,QUEENS
QUEENS,QUEENS
BRONX,BRONX
QUEENS,QUEENS
QUEENS,QUEENS
QUEENS,QUEENS
QUEENS,QUEENS
QUEENS,QUEENS
QUEENS,QUEENS
QUEENS,QUEENS
QUEENS,QUEENS
QUEENS,QUEENS
QUEENS,QUEENS
STATEN ISLAND,STATEN IS
STATEN ISLAND,STATEN IS
STATEN ISLAND,STATEN ISLAND
STATEN ISLAND,STATEN IS
STATEN ISLAND,STATEN ISLAND
STATEN ISLAND,STATEN ISLAND
STATEN ISLAND,STATEN ISLAND
STATEN ISLAND,STATEN ISLAND
STATEN ISLAND,STATEN ISLAND
QUEENS,QUEENS
STATEN ISLAND,STATEN ISLAND
STATEN ISLAND,STATEN IS
STATEN ISLAND,STATEN IS
STATEN ISLAND,STATEN IS
STATEN ISLAND,STATEN IS
STATEN ISLAND,STATEN ISLAND
STATEN ISLAND,STATEN ISLAND
STATEN ISLAND,STATEN ISLAND
STATEN ISLAND,STATEN IS
STATEN ISLAND,STATEN ISLAND
STATEN ISLAND,STATEN IS
STATEN ISLAND,STATEN ISLAND
STATEN ISLAND,STATEN ISLAND
STATEN ISLAND,STATEN ISLAND
STATEN ISLAND,STATEN ISLAND
BRONX,BRONX
BRONX,BRONX
